name	declared_in	calls	disposition
Ranged_Stealth_On_Team	engine_tt.h	1	blocked-per-client-delivery
Find_Object	Commands->	909	done
Start_Timer	Commands->	607	done
Get_Position	Commands->	495	done
Get_ID	Commands->	451	done
Send_Custom_Event	Commands->	449	done
Get_Preset_Name	Commands->	429	done
Create_Object	Commands->	270	done
Set_Animation	Commands->	263	done
Enable_Enemy_Seen	Commands->	175	done
Action_Attack	Commands->	153	done
Get_Distance	Commands->	153	done
Get_Player_Type	Commands->	130	done
Destroy_Object	Commands->	125	done
Get_Vehicle	engine_obj2.h	111	done
Action_Reset	Commands->	106	done
Attach_Script	Commands->	104	done
Get_Health	Commands->	104	done
Get_Object_Type	engine_obj.h	92	done
Create_Sound	Commands->	78	done
Get_Random	Commands->	77	done
Set_Is_Rendered	Commands->	75	done
Enable_Hibernation	Commands->	73	done
Give_Money	Commands->	69	done
Set_Model	Commands->	61	done
Find_Building_By_Type	engine_game.h	59	done
Create_2D_Sound_Team	engine_tt.h	58	done
Console_Input	engine_common.h	57	done
Get_Animation_Frame	engine_phys.h	57	done
Innate_Enable	Commands->	57	done
Get_Facing	Commands->	56	done
Apply_Damage	Commands->	55	done
Set_Facing	Commands->	55	done
Attach_Script_Once	engine_script.h	49	done
Get_Vehicle_Driver	engine_obj2.h	49	done
Get_Max_Health	Commands->	46	done
Send_Message_Player	engine_tt.h	44	done
Stop_Timer2	engine_tt.h	44	done
Find_Definition	engine_def.h	43	done
Set_Health	Commands->	41	done
Get_Shield_Strength	Commands->	40	done
The_Game	engine_game.h	40	done
Change_Character	engine_obj2.h	39	done
Get_Building_Power	Commands->	39	done
Get_Random_Int	Commands->	39	done
Give_PowerUp	Commands->	39	done
Get_Model	engine_phys.h	38	done
Get_Player_ID	engine_player.h	38	done
Get_Max_Shield_Strength	Commands->	37	done
Set_Shield_Strength	Commands->	37	done
Send_Message_Team	engine_tt.h	36	done
Get_Money	Commands->	35	done
Get_Player_Name	engine_player.h	34	done
Remove_Weapon	engine_tt.h	34	done
Create_2D_WAV_Sound_Player	engine_tt.h	33	done
Is_VTOL	engine_obj2.h	32	done
Select_Weapon	Commands->	27	done
Set_Player_Type	Commands->	27	done
Attach_To_Object_Bone	Commands->	26	done
Create_2D_Sound	Commands->	25	done
Grant_Powerup	engine_obj.h	24	done
Create_2D_WAV_Sound_Team	engine_tt.h	23	done
Get_Bone_Position	Commands->	23	done
Is_Script_Attached	engine_script.h	21	done
Create_Explosion	Commands->	20	done
Disable_All_Collisions	Commands->	20	done
Get_Definition_Name	engine_def.h	20	done
Get_Fly_Mode	engine_obj2.h	20	done
Get_Weapon	engine_weap.h	20	done
Set_Powerup_Always_Allow_Grant	engine_obj.h	20	done
Set_Position	Commands->	19	done
Toggle_Fly_Mode	engine_obj2.h	19	done
Is_A_Star	Commands->	18	done
Is_Building_Dead	engine_game.h	18	done
Action_Goto	Commands->	17	done
Create_2D_Sound_Player	engine_tt.h	17	done
Give_Points	Commands->	17	done
Control_Enable	Commands->	16	done
Get_Vehicle_Mode	engine_obj2.h	15	done
Get_Wide_Player_Name	engine_player.h	15	done
Enable_Base_Radar	engine_game.h	14	done
Get_Player_Name_By_ID	engine_player.h	14	done
Get_Player_Type	engine_player.h	14	done
Send_Message	engine_tt.h	14	done
Set_Animation_Frame	Commands->	14	done
Set_Shield_Type	Commands->	14	done
Enable_Vehicle_Transitions	Commands->	13	done
Find_Construction_Yard	engine_game.h	12	done
Find_Object_By_Preset	engine_obj.h	12	done
Get_Current_Weapon	engine_weap.h	12	done
Grant_Weapon	engine_tt.h	12	done
Get_Damage_Warhead	engine_tt.h	11	done
Get_Vehicle_Occupant_Count	engine_obj2.h	11	done
Enable_Engine	Commands->	10	done
Find_Script_On_Object	engine_script.h	10	done
Clear_Weapons	Commands->	9	done
Enable_Stealth	Commands->	9	done
Find_Com_Center	engine_game.h	9	done
Remove_Script	engine_script.h	9	done
Create_Logical_Sound	Commands->	8	done
Create_Object_At_Bone	Commands->	8	done
Find_Nearest_Preset	engine_obj.h	8	done
Get_Translated_String	engine_tdb.h	8	done
Has_Key	Commands->	8	done
Hide_Preset_By_Name	engine_pt.h	8	done
Is_Spy	engine_obj2.h	8	done
Set_Ash	Commands->	8	done
Set_Fog_Enable	Commands->	8	done
Set_Fog_Range	Commands->	8	done
Set_Rain	Commands->	8	done
Set_Skin	engine_dmg.h	8	done
Set_Snow	Commands->	8	done
Set_War_Blitz	Commands->	8	done
Add_Objective	Commands->	7	done
Add_To_Dirty_Cull_List	Commands->	7	done
Get_Vehicle_Occupant	engine_obj2.h	7	done
Innate_Disable	Commands->	7	done
Is_Base_Powered	engine_game.h	7	done
Load_Data	Commands->	7	done
Mission_Complete	Commands->	7	done
Save_Data	Commands->	7	done
Set_Clouds	Commands->	7	done
Set_Lightning	Commands->	7	done
Set_Objective_HUD_Info	Commands->	7	done
Set_Objective_HUD_Info_Position	Commands->	7	done
Set_Objective_Radar_Blip	Commands->	7	done
Set_Objective_Radar_Blip_Object	Commands->	7	done
Set_Objective_Status	Commands->	7	done
Change_Objective_Type	Commands->	6	done
Console_Output	engine_common.h	6	done
Enable_HUD_Pokable_Indicator	Commands->	6	done
Force_Occupants_Exit	engine_obj2.h	6	done
Get_Points	Commands->	6	done
Get_Powerup_Weapon	engine_weap.h	6	done
Get_String_Sound_ID	engine_tdb.h	6	done
Get_Team_Color	engine_player.h	6	done
Get_Team_Name	engine_tdb.h	6	done
Is_Valid_Preset_ID	engine_def.h	6	done
Is_Valid_String_ID	engine_tdb.h	6	done
Power_Base	engine_game.h	6	done
Remove_Objective	Commands->	6	done
Set_Is_Visible	Commands->	6	done
Set_Num_Tertiary_Objectives	Commands->	6	done
Set_Object_Type	engine_obj.h	6	done
Set_Screen_Fade_Color	Commands->	6	done
Set_Screen_Fade_Opacity	Commands->	6	done
Create_3D_Sound_At_Bone	Commands->	5	done
Create_Vehicle	engine_obj2.h	5	done
Get_C4_Mode	engine_weap.h	5	done
Get_C4_Planter	engine_weap.h	5	done
Get_Preset_ID	Commands->	5	done
Get_Skin	engine_dmg.h	5	done
Get_Translated_Definition_Name	engine_tdb.h	5	done
Get_Vehicle_Gunner	engine_obj2.h	5	done
Grant_Refill	engine_obj2.h	5	done
Kill_All_Buildings_By_Team	engine_tt.h	5	done
Release_INI	engine_io.h	5	done
Set_HUD_Help_Text_Player	engine_tt.h	5	done
Set_Max_Health	engine_dmg.h	5	done
Set_Max_Shield_Strength	engine_dmg.h	5	done
Shake_Camera	Commands->	5	done
Update_Network_Object	engine_tt.h	5	done
Change_Team_2	engine_player.h	4	done
Create_2D_WAV_Sound	Commands->	4	done
Create_Effect_All_Of_Preset	engine_phys.h	4	done
Create_Zone	engine_obj2.h	4	done
Display_GDI_Player_Terminal_Player	engine_tt.h	4	done
Display_NOD_Player_Terminal_Player	engine_tt.h	4	done
Enable_Cinematic_Freeze	Commands->	4	done
Force_Camera_Look_Player	engine_tt.h	4	done
GetExplosionObj	engine_tt.h	4	done
Get_Cost	engine_pt.h	4	done
Get_Definition_ID	engine_def.h	4	done
Get_GameObj	engine_player.h	4	done
Get_Object_Count	engine_obj.h	4	done
Get_Sync_Time	Commands->	4	done
Is_Harvester	engine_game.h	4	done
Is_Object_Visible	Commands->	4	done
Is_Stealth	engine_obj2.h	4	done
Join_Conversation	Commands->	4	done
Send_Message_With_Team_Color	engine_tt.h	4	done
Set_Loiters_Allowed	Commands->	4	done
Set_Screen_Fade_Color_Player	engine_tt.h	4	done
Set_Screen_Fade_Opacity_Player	engine_tt.h	4	done
Set_Velocity	engine_obj.h	4	done
Stop_All_Conversations	Commands->	4	done
Attach_Script_Is_Type	engine_script.h	3	done
Begin_Chunk	Commands->	3	done
Create_Conversation	Commands->	3	done
Create_Sound_Team	engine_tt.h	3	done
Enable_Spawner	Commands->	3	done
End_Chunk	Commands->	3	done
Find_Object_With_Script	engine_script.h	3	done
Force_Occupant_Exit	engine_obj2.h	3	done
Get_A_Star	Commands->	3	done
Get_INI	engine_io.h	3	done
Get_Vehicle_Return	engine_obj2.h	3	done
Get_Vehicle_Seat_Count	engine_obj2.h	3	done
Is_Harvester_Preset	engine_game.h	3	done
Is_Stealth_Enabled	engine_obj2.h	3	done
Load_Begin	Commands->	3	done
Load_End	Commands->	3	done
Monitor_Conversation	Commands->	3	done
Monitor_Sound	Commands->	3	done
Repair_All_Buildings_By_Team	engine_dmg.h	3	done
Set_HUD_Help_Text	Commands->	3	done
Set_Occupants_Fade	engine_tt.h	3	done
Set_Transform	engine_obj.h	3	done
Set_Wind	Commands->	3	done
Soldier_Transition_Vehicle	engine_obj2.h	3	done
Start_Conversation	Commands->	3	done
Stop_Timer	engine_tt.h	3	done
AddPowerupPurchaseHook	engine_tt.h	2	done
Attach_Script_Occupants	engine_script.h	2	done
Attach_Script_Preset	engine_script.h	2	done
Attach_Script_Type	engine_script.h	2	done
Create_Explosion_At_Bone	Commands->	2	done
Create_Sound_Player	engine_tt.h	2	done
Disable_All_Presets_By_Factory_Tech	engine_pt.h	2	done
Disable_Physical_Collisions	Commands->	2	done
Disable_Preset_By_Name	engine_pt.h	2	done
Enable_HUD	Commands->	2	done
Enable_Radar_Player	engine_tt.h	2	done
Find_Closest_Building	engine_obj.h	2	done
Find_Smart_Object_By_Team	engine_obj.h	2	done
Force_Camera_Look	Commands->	2	done
Get_C4_Attached	engine_weap.h	2	done
Get_Mass	engine_phys.h	2	done
Get_Occupant_Seat	engine_obj2.h	2	done
Get_Team_Credits	engine_tt.h	2	done
Get_Team_Score	engine_player.h	2	done
Get_The_Star	Commands->	2	done
Get_Translated_Preset_Name	engine_tdb.h	2	done
Has_Weapon	engine_weap.h	2	done
Is_Radar_Enabled	engine_game.h	2	done
Is_Unit_In_Range	engine_obj.h	2	done
Modify_Action	Commands->	2	done
Seconds_To_Hms	engine_game.h	2	done
Send_Custom_All_Objects	engine_obj.h	2	done
Send_Custom_All_Objects_Area	engine_obj.h	2	done
Send_Custom_Event_To_Object	engine_obj.h	2	done
Set_Building_Power	Commands->	2	done
Set_Camera_Host_Network	engine_tt.h	2	done
Set_Can_Generate_Soldiers	engine_game.h	2	done
Set_Innate_Is_Stationary	Commands->	2	done
Set_Innate_Take_Cover_Probability	Commands->	2	done
Stop_Sound	Commands->	2	done
Action_Dock	Commands->	1	done
Action_Follow_Input	Commands->	1	done
Add_Radar_Marker	Commands->	1	done
Attach_Script_Building	engine_script.h	1	done
Attach_Script_Is_Preset	engine_script.h	1	done
Attach_Script_Once_V	engine_script.h	1	done
Attach_Script_Player_Once	engine_script.h	1	done
Attach_Script_Preset_Once	engine_script.h	1	done
Attach_Script_Type_Once	engine_script.h	1	done
Change_Team	engine_player.h	1	done
Change_Time_Limit	engine_tt.h	1	done
Change_Time_Remaining	engine_tt.h	1	done
Cinematic_Sniper_Control	Commands->	1	done
Clear_Radar_Marker	Commands->	1	done
Close_Chunk	Commands->	1	done
Create_Effect_All_Stealthed_Objects_Area	engine_phys.h	1	done
Damage_All_Objects_Area	engine_dmg.h	1	done
Damage_All_Objects_Area_By_Team	engine_dmg.h	1	done
Damage_Occupants	engine_dmg.h	1	done
Display_Encyclopedia_Event_UI	Commands->	1	done
Display_Health_Bar	Commands->	1	done
Enable_Collisions	Commands->	1	done
Enable_Letterbox	Commands->	1	done
Enable_Radar	Commands->	1	done
Enable_Shadow	Commands->	1	done
Enable_Team_Radar	engine_tt.h	1	done
Expire_Powerup	Commands->	1	done
Fade_Background_Music	Commands->	1	done
Fade_Background_Music_Player	engine_tt.h	1	done
Find_Closest_Preset_By_Team	engine_obj.h	1	done
Find_Closest_Soldier	Commands->	1	done
Force_Occupants_Exit_Team	engine_obj2.h	1	done
Get_Animation_Target_Frame	engine_phys.h	1	done
Get_Beacon_Planter	engine_weap.h	1	done
Get_Current_Translated_Weapon	engine_tdb.h	1	done
Get_File_Path	engine_io.h	1	done
Get_Object_Color	engine_obj.h	1	done
Get_Velocity	engine_obj.h	1	done
Grant_Key	Commands->	1	done
Has_Timer	engine_tt.h	1	done
Kill_Occupants	engine_dmg.h	1	done
Open_Chunk	Commands->	1	done
Ranged_Damage_To_Buildings_Team	engine_dmg.h	1	done
Ranged_Percentage_Damage_To_Buildings_Team	engine_dmg.h	1	done
Ranged_Scale_Damage_To_Buildings_Team	engine_dmg.h	1	done
Remove_All_Scripts	engine_script.h	1	done
Remove_Script_Preset	engine_script.h	1	done
Remove_Script_Type	engine_script.h	1	done
Repair_All_Buildings_By_Team_Radius	engine_dmg.h	1	done
Repair_All_Static_Vehicles_By_Team	engine_dmg.h	1	done
Repair_All_Turrets_By_Team	engine_dmg.h	1	done
Reveal_Encyclopedia_Building	Commands->	1	done
Reveal_Encyclopedia_Character	Commands->	1	done
Reveal_Encyclopedia_Vehicle	Commands->	1	done
Reveal_Encyclopedia_Weapon	Commands->	1	done
Reveal_Map	Commands->	1	done
Set_Background_Music	Commands->	1	done
Set_Background_Music_Player	engine_tt.h	1	done
Set_Damage_Points	engine_dmg.h	1	done
Set_Death_Points	engine_dmg.h	1	done
Set_Innate_Aggressiveness	Commands->	1	done
Set_Obj_Radar_Blip_Color	Commands->	1	done
Set_Obj_Radar_Blip_Shape	Commands->	1	done
Set_Subobject_Animation	engine_tt.h	1	done
Static_Anim_Phys_Goto_Frame	Commands->	1	done
Static_Anim_Phys_Goto_Last_Frame	Commands->	1	done
Stop_Background_Music	Commands->	1	done
Stop_Background_Music_Player	engine_tt.h	1	done
Text_File_Close	Commands->	1	done
Text_File_Get_String	Commands->	1	done
Text_File_Open	Commands->	1	done
Trigger_Weapon	Commands->	1	done
REF_DECL	engine_io.h	5	n/a-data-binding
AddKeyHook	engine_tt.h	2	n/a-plugin-hook
AddObjectCreateHook	engine_tt.h	2	n/a-plugin-hook
RemoveKeyHook	engine_tt.h	2	n/a-plugin-hook
AddCharacterPurchaseHook	engine_tt.h	1	n/a-plugin-hook
AddChatHook	engine_tt.h	1	n/a-plugin-hook
AddConsoleOutputHook	engine_tt.h	1	n/a-plugin-hook
AddDialogHook	engine_tt.h	1	n/a-plugin-hook
AddGameOverHook	engine_tt.h	1	n/a-plugin-hook
AddLoadLevelHook	engine_tt.h	1	n/a-plugin-hook
AddLogFileHook	engine_tt.h	1	n/a-plugin-hook
AddPlayerJoinHook	engine_tt.h	1	n/a-plugin-hook
AddPlayerLeaveHook	engine_tt.h	1	n/a-plugin-hook
AddPreLoadLevelHook	engine_tt.h	1	n/a-plugin-hook
AddRadioHook	engine_tt.h	1	n/a-plugin-hook
AddRefillHook	engine_tt.h	1	n/a-plugin-hook
AddStockDamageHook	engine_tt.h	1	n/a-plugin-hook
AddThinkHook	engine_tt.h	1	n/a-plugin-hook
AddTtDamageHook	engine_tt.h	1	n/a-plugin-hook
AddVehiclePurchaseHook	engine_tt.h	1	n/a-plugin-hook
RemoveObjectCreateHook	engine_tt.h	1	n/a-plugin-hook
RemovePowerupPurchaseHook	engine_tt.h	1	n/a-plugin-hook
newstr	engine_string.h	45	n/a-sdk-helper
wcsistr	engine_string.h	7	n/a-sdk-helper
stristr	engine_string.h	1	n/a-sdk-helper
Set_Global_Stealth_Disable	engine_tt.h	5	port-engine-work
Display_Game_Hint	engine_tt.h	3	port-engine-work
Display_Game_Hint_Image	engine_tt.h	3	port-engine-work
Force_Vehicle_Entry	engine_tt.h	3	port-engine-work
Set_Tech_Level	engine_tt.h	3	port-engine-work
Clear_Info_Texture	engine_tt.h	2	port-engine-work
Get_GDI_Soldier_Name	engine_tt.h	2	port-engine-work
Get_Nod_Soldier_Name	engine_tt.h	2	port-engine-work
Set_GDI_Soldier_Name	engine_tt.h	2	port-engine-work
Set_Info_Texture	engine_tt.h	2	port-engine-work
Set_Nod_Soldier_Name	engine_tt.h	2	port-engine-work
Change_Radar_Map	engine_tt.h	1	port-engine-work
Create_Lightning	engine_tt.h	1	port-engine-work
Do_Objectives_Dlg	engine_tt.h	1	port-engine-work
Get_Clouds	engine_tt.h	1	port-engine-work
Get_Lightning	engine_tt.h	1	port-engine-work
Get_Mine_Limit	engine_tt.h	1	port-engine-work
Load_New_HUD_INI	engine_tt.h	1	port-engine-work
Set_Moon_Is_Earth	engine_tt.h	1	port-engine-work
