Directory	Targets	SourcesHere	SourcesBelow
.	interface:stlport	0	26
Dependencies/Utility	interface:core_utility;interface:core_utility_no_pch	0	20
resources	static:resources	0	1
Core	interface:corei_gameengine_include;interface:corei_libraries_include;interface:corei_libraries_source_wwvegas;interface:corei_main;interface:corei_always;interface:corei_always_no_pch	0	0
Core/Libraries/Source/WWVegas	interface:core_wwcommon;interface:core_wwvegas	0	0
Core/Libraries/Source/WWVegas/WW3D2	interface:corei_ww3d2	164	164
Core/Libraries/Source/WWVegas/WWAudio	interface:corei_wwaudio	43	43
Core/Libraries/Source/WWVegas/WWDebug	static:core_wwdebug	7	7
Core/Libraries/Source/WWVegas/WWDownload	interface:corei_wwdownload	11	11
Core/Libraries/Source/WWVegas/WWLib	static:core_wwlib	164	164
Core/Libraries/Source/WWVegas/WWMath	static:core_wwmath	79	79
Core/Libraries/Source/WWVegas/WWSaveLoad	static:core_wwsaveload	33	33
Core/Libraries/Source/WWVegas/WWStub	static:core_wwstub	2	2
Core/Libraries/Source/profile	static:core_profile_legacy	15	16
Core/Libraries/Source/debug	static:core_debug	23	35
Core/Libraries/Source/EABrowserDispatch	interface:core_browserdispatch;static:core_browserdispatchwin;static:core_browserdispatchwin	0	0
Core/Libraries/Source/EABrowserEngine	interface:core_browserengine;static:core_browserenginewin;static:core_browserenginewin	0	0
Core/Libraries/Source/Compression	static:core_compression	2	18
Core/GameEngine	interface:corei_gameengine_private;interface:corei_gameengine_public	0	443
Core/GameEngineDevice	interface:corei_gameenginedevice_private;interface:corei_gameenginedevice_public	0	152
Core/Tools/DebugWindow	library:core_debugwindow	8	8
Core/Tools/ParticleEditor	library:core_particleeditor	26	26
Core/Tools/assetcull	executable:core_assetcull	1	1
Core/Tools/Babylon	executable:core_babylon	50	50
Core/Tools/buildVersionUpdate	executable:core_buildversionupdate	1	1
Core/Tools/Compress	executable:core_compress	1	1
Core/Tools/CRCDiff	executable:core_crcdiff	8	8
Core/Tools/mangler	static:core_manglerlib;executable:core_mangler;executable:core_manglertest	6	49
Core/Tools/matchbot	executable:core_matchbot	15	58
Core/Tools/textureCompress	executable:core_texturecompress	2	2
Core/Tools/timingTest	executable:core_timingtest	3	3
Core/Tools/versionUpdate	executable:core_versionupdate	1	1
Core/Tools/wolSetup	executable:core_wolsetup	8	14
Core/Tools/WW3D/pluglib	static:core_pluglib	52	52
Core/Tools/WW3D/max2w3d	library:core_max2w3d	144	144
GeneralsMD/Code	interface:zi_gameengine_include;interface:zi_libraries_source_wwvegas;interface:zi_main;interface:zi_always;interface:zi_always_no_pch	0	0
GeneralsMD/Code/Libraries/Source/WWVegas	interface:z_wwcommon;interface:z_wwvegas	0	0
GeneralsMD/Code/Libraries/Source/WWVegas/WWAudio	static:z_wwaudio	0	0
GeneralsMD/Code/Libraries/Source/WWVegas/WW3D2	static:z_ww3d2	68	68
GeneralsMD/Code/Libraries/Source/WWVegas/WWDownload	static:z_wwdownload	0	0
GeneralsMD/Code/GameEngine	static:z_gameengine	0	713
GeneralsMD/Code/GameEngineDevice	static:z_gameenginedevice	0	56
GeneralsMD/Code/Main	executable:z_generals	3	3
GeneralsMD/Code/Tools/GUIEdit	executable:z_guiedit	0	35
GeneralsMD/Code/Tools/ImagePacker	executable:z_imagepacker	0	0
GeneralsMD/Code/Tools/MapCacheBuilder	executable:z_mapcachebuilder	0	0
GeneralsMD/Code/Tools/W3DView	executable:z_w3dview	0	0
GeneralsMD/Code/Tools/wdump	executable:z_wdump	23	23
GeneralsMD/Code/Tools/WorldBuilder	executable:z_worldbuilder	0	199
GeneralsMD/Code/Tools/Launcher	executable:z_launcher	0	0
GeneralsMD/Code/Tools/Launcher/DatGen	executable:z_datgen	0	0
